{
    "akiec": {
        "precision": 0.9,
        "recall": 0.3673469387755102,
        "f1-score": 0.5217391304347826,
        "support": 49.0
    },
    "bcc": {
        "precision": 0.896551724137931,
        "recall": 0.6753246753246753,
        "f1-score": 0.7703703703703704,
        "support": 77.0
    },
    "bkl": {
        "precision": 0.5161290322580645,
        "recall": 0.8727272727272727,
        "f1-score": 0.6486486486486487,
        "support": 165.0
    },
    "df": {
        "precision": 0.22580645161290322,
        "recall": 0.8235294117647058,
        "f1-score": 0.35443037974683544,
        "support": 17.0
    },
    "mel": {
        "precision": 0.3881118881118881,
        "recall": 0.6646706586826348,
        "f1-score": 0.4900662251655629,
        "support": 167.0
    },
    "nv": {
        "precision": 0.9739243807040417,
        "recall": 0.742544731610338,
        "f1-score": 0.8426395939086294,
        "support": 1006.0
    },
    "vasc": {
        "precision": 0.7,
        "recall": 1.0,
        "f1-score": 0.8235294117647058,
        "support": 21.0
    },
    "accuracy": 0.737017310252996,
    "macro avg": {
        "precision": 0.6572176395464041,
        "recall": 0.7351633841264481,
        "f1-score": 0.635917680005648,
        "support": 1502.0
    },
    "weighted avg": {
        "precision": 0.8398249634231506,
        "recall": 0.737017310252996,
        "f1-score": 0.7621615766407024,
        "support": 1502.0
    }
}