{
    "akiec": {
        "precision": 0.7878787878787878,
        "recall": 0.5306122448979592,
        "f1-score": 0.6341463414634146,
        "support": 49.0
    },
    "bcc": {
        "precision": 0.9152542372881356,
        "recall": 0.7012987012987013,
        "f1-score": 0.7941176470588235,
        "support": 77.0
    },
    "bkl": {
        "precision": 0.5614754098360656,
        "recall": 0.8303030303030303,
        "f1-score": 0.6699266503667481,
        "support": 165.0
    },
    "df": {
        "precision": 0.3333333333333333,
        "recall": 0.8823529411764706,
        "f1-score": 0.4838709677419355,
        "support": 17.0
    },
    "mel": {
        "precision": 0.40993788819875776,
        "recall": 0.7904191616766467,
        "f1-score": 0.5398773006134969,
        "support": 167.0
    },
    "nv": {
        "precision": 0.9713168187744459,
        "recall": 0.7405566600397614,
        "f1-score": 0.8403835307388607,
        "support": 1006.0
    },
    "vasc": {
        "precision": 0.59375,
        "recall": 0.9047619047619048,
        "f1-score": 0.7169811320754716,
        "support": 21.0
    },
    "accuracy": 0.7509986684420772,
    "macro avg": {
        "precision": 0.653278067901361,
        "recall": 0.7686149491649249,
        "f1-score": 0.6684719385798216,
        "support": 1502.0
    },
    "weighted avg": {
        "precision": 0.8425192031845203,
        "recall": 0.7509986684420772,
        "f1-score": 0.7733860707168414,
        "support": 1502.0
    }
}